cyclostationary_mean_tg_0,cyclostationary_mean_HS_0,cyclostationary_mean_rr_4w_0,cyclostat_level_Maggiore_16w,cyclostat_level_Lugano,cyclostationary_mean_tg_2,target
-0.4109981686068228,2.5237157811113,0.6116048021172569,0.5423941033496732,0.0820416666666687,-0.4470708802983353,0.26404327
0.8039301003663613,2.134136073191227,1.6913360150065186,0.5931477798202615,0.1623500000000035,0.6473745581924074,0.35461774
-0.9112675375488886,1.914711331369244,0.8322712871440743,0.674726233076564,0.0850535714286024,-0.5409144914223982,0.4279903
0.5388836763157595,1.959701566101289,0.8590411521902709,0.7494321154295053,0.0626125000000001,0.4536769767345937,0.33949536
-0.6897090296233283,1.9001564214917712,0.6472030185750082,0.8038432919000933,0.0738875000000121,0.0129197176287636,0.3241339
1.392343397971238,1.7337020596954469,0.765863996957508,0.7901576301353874,0.1002812499999663,1.2721454876843887,0.2122752
1.6922011762911304,1.556707343270525,0.0896819794846158,0.7539811595471523,0.0721964285714307,1.348271728704844,0.19898067
-0.7121626681216622,1.6434056436062847,0.3759951464097524,0.6742193948412699,0.0475625000000263,-0.412267403347548,0.42317435
0.1427634130082273,1.7552777794585608,0.6079078083641147,0.5630429242530346,0.1007625000000302,-0.8264023170557365,0.3780192
0.69993931729344,1.4175971780477363,1.0665727172391914,0.5299489116479926,0.0902321428571326,0.8424921246029733,0.41407916
1.0333616846706897,1.821743764099083,0.9481384612663498,0.4958180292950513,0.0690374999999789,0.8958963488387296,0.42131504
-0.0735881574598682,1.7600851635517785,1.447065136367954,0.461256264589169,0.1193499999999971,-0.160100155345312,0.51254886
-0.3654167894045277,1.491067071375455,1.7087816049973603,0.4242737278244631,0.0832968749999736,-0.1613568615507153,0.51963633
-1.2203049910882997,1.5866038116269274,1.1232950944599982,0.4138866469421101,0.0627321428571576,-1.1816715672196696,0.5223294
-1.689471929410917,1.4850206201794058,0.7057489438374974,0.400455764589169,0.033762500000023,-1.8076302429911584,0.4704952
-0.2390538370509691,1.256939455875328,0.4896616864439086,0.3969263528244631,-0.039699999999982,-0.3345389487631734,0.42979926
0.5735833384383726,0.6651655456938959,-0.5169240047586109,0.3660366469421102,-0.0758392857142666,0.5166548301499969,0.38366386
-0.4748412161577363,0.5503952082006375,-1.028681284838454,0.3353825619747899,-0.0224374999999668,-0.6720399461141151,0.52286917
0.532505606521469,0.3959117195386155,-1.2507612229412366,0.2977950619747899,-0.0077750000000378,0.0527506048234568,0.27571383
0.1084951934617418,0.0142769885279113,-1.3650034697269255,0.2398622888655462,-0.0094218749999868,-0.0276270873192792,0.5574838
-1.0954743270779106,0.0531946247743112,-0.5342116340002985,0.2197793056722689,0.1275178571428341,-1.0050389972144569,0.5640093
-1.2643142701523546,0.0318949332478768,0.405805469240839,0.2003256292016806,0.0365625000000591,-1.069122191976414,0.0
-0.1774306161131183,0.04679721872986,0.6950640729889636,0.1867403350840336,0.0440249999999764,-0.4212278901914155,0.6677424
-0.0572391882487029,0.0515296812526074,1.0929701076686558,0.1722025199579831,0.046089285714288,-0.2380869102619764,0.57804817
-0.473461001317254,0.048436081733339,1.697221401756942,0.1539378140756302,0.012162499999988,-0.5997239484062058,0.7057308
-1.5426684602047094,0.0717079346744978,1.35375468771479,0.1675334023109243,0.132925000000057,-1.6089609519390629,0.51848173
0.3986117940670294,0.0511224632624871,0.7365364240025238,0.174669694327731,-0.0042656250000163,-0.0273584596769617,0.43805385
0.1239076658203286,0.0504025485290293,0.672465334839867,0.1959585598739495,0.0915535714285624,0.1134545352172817,0.562873
-0.2032404714555486,0.0475994181317629,0.478764356591149,0.2180467951680672,0.1076375000000098,-0.536634876800054,0.45723087
0.1624661765570129,0.0477437632578281,-0.123630187376412,0.2255762069327731,0.0205625000000395,-0.0764887368638846,0.36796892
0.2966511191730457,0.0470963127507933,-0.3765300158697394,0.2291581407563025,0.034410714285741,-0.39494074581883,0.5504826
-1.045651809018863,0.0637221640892352,-0.1041975873492538,0.2187463760504202,0.0120249999999941,-1.2872243632660836,0.5710803
-1.536732093420295,0.0774175673079308,-0.2063066289037854,0.1974734348739495,-0.068512499999997,-1.7645718475910583,0.58449376
-1.6142717190564997,0.1050343097498185,0.2657035974277814,0.1789789495798319,-0.0576718749999827,-1.639936179536458,0.4770742
-0.0337310075207743,0.0546186084435076,0.1256717616436958,0.1526594117647058,-0.0733392857142689,-0.7359063731021181,0.48490027
0.833091706769424,0.0231012635151755,-0.0024366143669733,0.1318461764705882,-0.0484500000000025,0.8059285144359988,0.31806645
1.3203088056378125,0.0126800836204814,-0.1279348414294604,0.1275564705882353,-0.049387500000023,0.1915183713219799,0.41734478
0.5166586094399197,-0.0212807583301844,0.3737517721360021,0.1089409243697479,0.0529107142857583,0.4898134467400901,0.44208646
0.3765939738637792,-0.298666188548335,-0.5575620081283864,0.0880475420168067,0.0056500000000028,-0.6330596998573035,0.4709665
-0.6463428117009469,-0.5544535860202507,-0.5278735735398055,0.0703673949579831,-0.0286249999999768,-1.033300273645749,0.6734065
-0.3593228501329685,-0.8549088550822421,-0.955335021370324,0.0330274527310924,-0.1150937500000282,-0.864040400262831,0.4958529
-1.0828659851531446,-0.5301504756967146,-0.8433047741266798,0.0108572846638655,-0.0278214285714284,-1.5083774909772338,0.40370983
0.3590838231235838,-1.2187629000321512,-1.9047869937331297,-0.0778890388655462,-0.2077249999999821,-1.1709891132514758,0.3633002
-0.996988194711898,-1.7538656224911455,-1.56226130531395,-0.1558055829831932,-0.1736250000000154,-2.0891763218578028,0.52459383
-2.041032767526573,-2.008862873308676,-1.719601926071992,-0.2598812132352941,-0.1566249999999627,-2.2401364020460823,0.41416413
-1.0716379758478372,-2.172831307144548,-1.3606811737771607,-0.3510094812091503,-0.1070833333333212,-0.7706769367896348,0.23781036
-0.8235154522172681,-2.188334188885255,-1.5675511535839792,-0.4314616870915032,-0.1161500000000046,-1.6726859908501257,0.35920155
-0.3134459029289058,-2.605230909946884,-1.208151551332297,-0.4825436198646124,-0.1199464285714384,-1.0565400316858269,0.25144592
-0.5799477728395861,-2.08571352705968,-1.027443206963519,-0.5226594286881419,-0.1121562499999981,-1.3049341332058804,0.28909394
1.4938494280128485,-2.522324467081134,-0.7381027770099103,-0.550599722805789,-0.1236374999999725,0.3145533608565304,0.30134022
0.6942911640389247,-2.475209029579108,-0.2438573591484446,-0.5657522963352006,-0.0848624999999856,-0.0312059170018859,0.1449116
1.4695932910740843,-2.177915724619193,0.1799991476346309,-0.58464672910831,-0.0663437500000441,1.160298459595616,0.1367923
0.1831151295030293,-1.6725325557457738,0.4724388179878983,-0.5797055526377218,0.0760625000000345,0.538944760254497,0.37590322
0.2663245343413713,-1.125936102299545,0.8641404182398474,-0.580732023225957,0.115637500000048,0.1049675246869129,0.3097395
1.1947129586466103,-1.255405656307942,0.9422161130810918,-0.5766753005368814,0.0729821428570858,1.0219227335857324,0.28940415
0.855726620727548,-0.8732565537467724,0.5258601700421406,-0.5689789770074697,0.0705312499999877,0.8664138197175074,0.3652715
-0.2476718985276301,-0.7922221153244785,0.3833497227239933,-0.5666730946545284,0.0250374999999962,0.1498658947417701,0.28168565
0.2134455909231682,-0.4546267551346435,0.0835130430337961,-0.5592438667133521,-0.0129000000000019,0.0736443796807277,0.25057134
-1.0687996950623655,-0.3422464320035897,-0.0654276730584043,-0.5706251692343605,0.0156718749999527,-1.715080551546566,0.4713566
-0.7553416023072183,0.1130569215244342,-0.2807610465882341,-0.549540610410831,1.2500000025283953e-05,-0.8853165539286765,0.5140999
-0.0013192414589897,-0.0652854826458573,-0.8001966588879273,-0.5378464927637722,-0.0475749999999948,-0.013156850019004,0.37964576
-1.5820925106460677,0.0664429122833945,1.4436899080854833,-0.4370670809990663,0.3391607142857538,-1.2666134638132538,0.53622603
-0.475908287286053,0.2754520673455723,2.0048771360816704,-0.3390481880252101,0.1010312499999486,-0.7090942583644021,0.4824237
0.5831197353957734,0.1382677484623628,2.101586345496217,-0.2742459821428571,-0.0243124999999508,0.3726559522211713,0.46138173
-0.8127142225965944,0.4016405663170674,2.674614608482341,-0.217174343487395,0.098099999999988,-0.3917422542576306,0.4499585
-0.3213494234917917,0.2227015784064372,3.729548203044433,-0.1480144170168067,0.0024531249999881,-0.4875986138972221,0.38987982
-0.038829560076411,0.2476427111966218,1.1985554889417165,-0.0821151523109244,0.0003125000000068,-0.3800141265856046,0.49801612
1.4405571668450798,0.0792685907621783,0.855495617008996,-0.0392997111344538,0.0181499999999914,1.4603318625204047,0.4171289
-0.887217171353724,0.0515679128585792,0.622938955436994,0.0117690913865545,0.0667142857142835,-0.6605378498335887,0.68895555
-0.7647423283353686,0.0517861423428429,0.4498240113278312,0.0330043855042016,0.0021249999999781,-0.6867461506016728,0.57518655
-0.7956602312712867,0.0474552944803468,0.4685201323316336,0.0548573266806722,-0.0035874999999805,-1.2962372628077756,0.65725225
-0.3093251447921626,0.0478379108421046,0.4575380971733038,0.0673520745798319,-0.0508249999999748,-0.6251894580902857,0.65471655
-0.4577489013650012,0.0511224632624871,0.7581831851381394,0.0784458245798319,0.014734374999989,-0.7042039071509073,0.60111934
-1.563452087986661,0.0603797242427934,1.7198667246715078,0.1085928834033613,0.1058874999999943,-1.6021145977236173,0.76738566
-0.0302738580017692,0.0670210896554854,1.0768625432726868,0.144651706932773,0.0595625000000268,-0.4907655105186951,0.6305021
-0.4312339442023272,0.0470162494703804,0.4864602182904869,0.1791002363445378,0.0426607142857164,-0.6853434216405234,0.71430314
-0.4739710112015566,0.0520484418954952,1.1416389447996962,0.2306714679621848,0.0975156250000282,-0.5193806412481861,0.6986
-0.6164254622963593,0.0542665542085317,0.8738750661644402,0.2982964679621848,0.1808999999999514,-0.6837625974000229,0.67233497
0.0405467079390357,0.0407339548820234,-0.3792944070627653,0.2903617620798319,0.067237499999976,-0.137227366931036,0.60086644
-1.59802311228336,0.1211950453183458,0.2585741536034457,0.2686898870798319,0.0482031249999863,-1.4527628409354658,0.62364125
-0.5209451020297995,0.0519346675136702,0.0420734395380391,0.2619207694327731,0.0319250000000579,-1.1427062866158029,0.5270465
-0.0204371178800579,0.0401767716523641,-0.2624346142142371,0.2334722400210084,0.0371124999999779,-0.1553499748062099,0.4575656
0.1802477815324497,-0.016686858672915,-0.0504996569004216,0.1818325341386554,0.027410714285736,0.4366976180248533,0.43796328
-0.1300241431212639,-0.037869271076408,-0.1969889108647031,0.1484590047268907,0.0666875000000004,-0.4246570760807714,0.38123137
-0.443731063291943,-0.1705754480149477,-0.52885618416276,0.1199288576680672,-0.0469749999999749,-0.6719034742975752,0.45091486
-0.3172682494170679,-0.16502204839877,1.1790206745688685,0.0946534375,0.0300000000000295,-0.8415749984191745,0.50120425
0.5664246923940756,0.5934887492139563,2.4945930923810344,0.2039742095588235,0.5707812499999818,1.1714225625666423,0.37599635
1.2108159874584343,1.0382072203057204,3.8741313278790903,0.3124484742647059,0.99777499999999,1.936722974886834,0.31775373
0.2478863922735852,0.9862746208985652,4.113958018017482,0.3584675919117647,0.2927500000000123,1.210424696920672,0.44836593
0.115362889223964,1.0790596166123525,4.11392104369738,0.3571716360294118,0.0068750000000363,0.1342916993479045,0.26732713
0.9351542511084928,1.593069212723455,2.6114261710009883,0.3619216360294117,0.0124374999999758,1.4184999214343406,0.16191594
1.5754395346090488,1.9884494509965087,1.4534330293759772,0.3765286621732026,0.1001666666666665,1.951728541883328,0.21273516
-0.590832201983894,1.960376746986302,-0.2888095115959473,0.4023558680555555,0.1005999999999858,-0.1147070552965695,0.4112414
-0.4906800403067276,1.7522462239906724,-0.2689798921663803,0.4318497624883287,0.055303571428567,-0.1220176092295989,0.4606097
0.306163262496362,2.030381195324323,0.071534161938011,0.442511527194211,0.0339874999999665,-0.2081275708651019,0.40484363
-1.1274571437284997,1.9917166606228969,0.3156926645618489,0.4482550566059757,0.0261375000000612,-0.1400292165269669,0.31945825
-1.113357937230115,1.3863466100035402,0.0291431203657528,0.4423635124883286,-0.043468750000045,-0.5427561737378314,0.37858427
-1.72615170924496,1.1016331582818368,-0.0083171919426427,0.4561135124883286,-5.357142856610153e-05,-1.1506554022285456,0.41264457
-0.4279274938039585,1.070118255115972,-0.0292750809358909,0.4835135124883287,0.0006875000000263,-0.7512793091481231,0.28050902
0.5278752306098317,0.7449884439881275,-0.4242090936754111,0.520439983076564,-0.0144874999999728,0.501366785626834,0.15148996
0.8115670688292316,0.5018217568237088,-0.8349508850601247,0.5446694998832866,-0.0285178571429014,1.143814599823037,0.3149179
-0.4985601687239371,0.272344771793972,-1.0332837886081725,0.5767886175303454,-0.0272125000000187,-0.511180512702796,0.2160555
0.774643585995673,-0.4677737857796891,-1.097720137715783,0.594506264589169,-0.0737750000000119,0.5144906504871324,0.24694835
-1.3493763707472783,-0.8939920576987642,-1.0658662835895782,0.4838251984126984,-0.1278281250000077,-0.8563759998100634,0.43247405
-0.947308395361452,-0.536887622345158,-1.0440230721232953,0.3456072351774043,-0.148267857142855,-0.7021181895559134,0.3425357
0.3602217159177945,-0.585308001146317,-1.123734339293687,0.2534704704715219,-0.1997374999999692,0.9961026546062084,0.22099225
0.3621329843910085,-0.7725386556937902,-1.031330485195396,0.1997939998832866,-0.2034499999999752,0.8673309545972467,0.19610646
1.969846199100898,-0.8175898058638275,-1.462797053006911,0.1389042940009337,-0.2292142857142494,2.034643274514644,0.34497514
-0.5697306619949136,-0.3528443177059523,-1.608579670471686,0.0883237384453781,-0.0356874999999945,0.214738809311759,0.36159
-0.0805026070323832,-0.0579639618037308,-1.5666747453106558,0.0272803560924369,-0.0284000000000332,0.2772877539259457,0.45174542
1.0753455448063576,0.0163490508644152,-1.5041447169019146,-0.0504318287815126,-0.0621718749999899,1.1517676775155623,0.44640407
2.0644978693490224,0.0170731384158027,-1.9231838173114824,-0.1141177531512604,-0.070732142857139,2.2688079532546173,0.3397804
1.582593239553587,0.0216185609352475,-1.4406630207981106,-0.1741596649159664,-0.1168124999999804,1.811927283068568,0.39652804
1.530355932458218,0.0467285830208556,-1.2631062099295114,-0.2199508413865546,-0.1168499999999994,1.5572160954065053,0.5094029
-0.629942543578523,0.0520165150784851,-0.981964747464081,-0.2666210094537815,-0.1092857142857042,-0.2868481152448034,0.42657083
0.9986989747991644,0.0471488486929975,-1.320105474732123,-0.3306945388655462,-0.1852125000000342,0.8842278852203318,0.36111116
1.0499559972625234,0.0478379108421046,-0.7748365038950169,-0.3960695388655462,-0.2070749999999748,1.0564780031821868,0.33987418
0.2342247194462872,0.0511224632624871,-0.3137071971775412,-0.4566538350840337,-0.065265624999995,0.488744584776809,0.37206632
1.198300834934916,0.0504423629127955,-0.5974716994250551,-0.5052914401260504,-0.0858214285714211,1.0976580982163011,0.18969734
2.660016507778209,0.0475994181317629,-1.1128345354260256,-0.5547473224789916,-0.1336124999999697,2.426685626327355,0.15573458
0.7814092132227074,0.0477437632578281,-0.6398998599773023,-0.6068502636554622,-0.172937499999989,0.9682917257793592,0.17734914
0.9787714755739416,0.0470162494703804,-0.4415148241805977,-0.6356212710084033,-0.1282142857142503,1.2216662973321446,0.25076073
-0.6744555417803613,0.049810666469894,-1.0077852269565075,-0.6395624474789915,-0.0923500000000103,-0.4724082346237529,0.261383
0.0741200427923865,0.0433665340772704,-0.6218767770006062,-0.6338500945378152,-0.1143875000000207,0.1005028920268115,0.20422766
1.153328533284037,0.0207344286336696,-0.3334705304150297,-0.643300462184874,-0.1161718749999636,0.783426196339233,0.21187
-0.2884893103065761,0.0029146537169925,-0.4883579450352585,-0.6705758823529411,-0.1429642857142994,-0.4839124059976065,0.50068647
-0.6120962898657027,0.0728020325016396,-0.4518110914285101,-0.6985950000000001,-0.1474499999999921,-0.0050820123238046,0.2942805
-0.2390613248268454,0.0526885438967519,-0.3418368907866316,-0.7261935294117647,-0.1557625000000371,-0.0300083056402457,0.46482477
-1.810256204017803,0.0541008730956787,-0.2088774629461939,-0.7640002521008403,-0.2089642857142735,-1.5738994221116205,0.6216221
-1.9051195967487464,0.4291346203143519,0.1539083650377278,-0.7870995168067226,-0.141475000000014,-2.122899279291372,0.39190713
-0.172835913917893,1.1728339334527191,0.327889012881868,-0.7852208403361345,0.0061249999999972,-0.6910363484831031,0.41970867
0.0606358413862784,1.306444569905532,-0.0787157516331489,-0.7793254884453781,-0.058843749999994,-0.2030860413127509,0.2867401
1.1953918928698852,1.693150603455498,0.2476850751159811,-0.7194368329831933,0.0738035714285842,1.2211440360393402,0.26779464
0.6815528607023676,1.7771729133090532,0.5502349502259046,-0.6538449212184874,-0.0274749999999812,1.4342910799101003,0.3322639
0.5191442307926736,1.6025232247126062,-0.0204755678714001,-0.5847761712184872,-0.093999999999994,0.530269705660212,0.1604241
0.5108507057650742,1.4850936146839024,-0.1691044110151005,-0.5328223897058824,-0.0807499999999663,0.5929789538071188,0.36936134
-0.2960698257506959,1.3062775413111682,0.4900506177445364,-0.4531418341503267,-0.0159583333333444,-0.491148158606681,0.065804444
-0.5783118445017987,1.2710659542363394,0.5214020278680668,-0.3703219812091503,0.0867250000000012,-0.0662355260040556,0.37967783
0.6279666068340117,1.0779308986502223,0.4378236352127794,-0.2770289139822596,0.0785535714285856,0.3152023675265307,0.23500851
0.1049815198639723,1.6233124519619186,1.02656658259588,-0.197880016923436,0.0744687499999372,0.8490725787601512,0.36397597
-0.8160930807109708,1.0465520428990287,1.10970681028638,-0.1287614875116713,0.0333624999999528,-0.5199130067300519,0.42722836
0.8460112716272931,0.9892176410077896,0.4369927610060647,-0.0575170022175536,0.0256375000000161,0.4967383368591383,0.17222048
1.0597435898584566,0.7839478425814942,0.1213735281009963,0.0006473885387488,-0.0213437500000281,0.621148595776184,0.24058202
-0.2046388074118702,0.9738736457032472,0.2982764016166409,0.0758091532446312,0.0453125000000227,-0.8013009676817149,0.5168728
-2.197043681890042,0.9668488914435877,-0.186649106119457,0.1651503297152194,0.1003875000000107,-2.340559473103142,0.37374756
-1.3843349250156682,0.7062766108925954,-0.177327619103682,0.2644276406395893,0.0426071428570935,-1.871544608883227,0.38571635
-0.9813724158010212,1.2550824211847416,0.0300207605700722,0.3402121994631186,0.061281249999979,-1.3044572067480924,0.27123198
0.240129767578302,0.7248214959798239,0.1518997297585033,0.382959258286648,0.0845374999999535,0.0685278911763775,0.32557917
-0.6466098905320182,0.9244825494054436,-0.507562796779347,0.4155355450513538,0.012974999999983,-0.8323359611810683,0.42884916
-0.7822129046625811,0.7406100775849918,-0.1463644193132207,0.4103307131185807,-0.01432812500002,-0.505952623909909,0.48488203
-1.2930614028755945,1.5941813680812162,0.0137806394602399,0.399209389589169,-0.0803624999999783,-1.4968942356498984,0.51898444
-0.4878941272280758,1.432335822115162,-0.2937666621359832,0.3857564484126984,0.0394249999999942,-0.5458324286265328,0.36720127
-0.8861146992714403,1.0642776323255712,-0.2109745029312938,0.3702711542950513,-0.0002142857142644,-1.1272625961356442,0.5641911
-2.083599534901253,1.791791796281336,0.5359055976471544,0.3526503413865546,0.2804062499999418,-2.142731774963964,0.4532549
0.3787873991153201,1.5935179130533987,-0.1526638720087883,0.3247393119747899,-0.0541874999999549,-0.1023576617024068,0.29198954
-0.9502852978363264,0.6678844899703246,-0.4968477362800362,0.279465362394958,-0.0144000000000232,-1.1023767798489428,0.38086516
-0.418976718133614,0.0817299735518301,-0.2358532158763715,0.2365811712184873,-0.0306718749999959,-0.3862770234743723,0.31178066
0.2610733433556421,0.047649789018629,-0.5584910781263743,0.2052230829831932,-0.0793124999999577,-0.0704373413625553,0.30571005
-1.3862213091833973,0.0472977201458356,-1.284667624850951,0.1841341123949579,-0.0748500000000262,-1.5422329937309187,0.41068017
-0.2560278377142042,0.0520802620185715,-0.9560282641569502,0.1839529149159663,-0.0890357142857283,-0.4434922521849038,0.40202668
-0.0547922746995618,0.0493054414640688,-0.885388445933827,0.1622470325630252,-0.1505000000000222,-0.4011627703831485,0.4547662
-1.292154731901226,0.0545438598746431,-0.7102412507991285,0.1465999737394957,-0.085087499999986,-1.3716781427378972,0.5621217
0.6962078935675532,0.0479319889476582,-0.6471845081965644,0.1254182510504201,-0.1604499999999689,0.5181929597836159,0.39695653
-0.1087011384013411,0.0511224632624871,-0.6836586731586791,0.1077620010504201,-0.1361406249999959,-0.5423344723722929,0.56133074
0.5902467483767287,0.0475994181317629,-0.1770009343051957,0.089526706932773,-0.1119874999999979,0.3734662077671989,0.6618581
-0.0652142658084327,0.0477437632578281,-0.0924354614886102,0.0694825892857142,-0.0706874999999627,0.2007841808287428,0.49381486
-0.4483687241312498,0.0471135735538569,0.2260281751877636,0.0745928834033613,-0.0035892857142698,-0.0408449899325495,0.59735227
-0.4589974696902937,0.0512729928217845,0.2433510996825891,0.0841052914915966,-0.020109375000004,-0.0918218567626638,0.5461562
1.0775095338695035,0.0487913344580321,0.0217164139229826,0.078862644432773,-0.0402250000000208,0.77109617439034,0.35603473
0.4536617194733037,0.0404237851073286,-0.1316416287043768,0.0823397032563025,-0.0511374999999816,0.239230315476391,0.5840206
0.2137749543739829,0.0236110534767627,-0.10899173798904,0.0657192988445378,-0.0429218749999904,0.4687342699560205,0.4401762
0.3880327760483484,0.0204590833857285,-0.8385652331959544,0.0414795929621848,-0.107074999999952,0.3391716100676097,0.37227395
1.509618954716876,0.0126221420534109,-0.4258186567021093,0.0154869459033613,-0.0762624999999843,2.05204634542834,0.38794187
-0.7445533712102859,0.2328865640615747,-0.0246933565351394,-0.0141821717436975,-0.0277142857142393,-0.726336022359528,0.46413076
1.2869705000559388,0.19177282846128,0.3347816471418707,-0.0191954070378151,0.0456874999999854,1.204450038505857,0.4669477
1.2810082997411905,0.0478243000175831,1.0331082212089735,0.0525906223739495,0.2194000000000073,1.8555127438241368,0.45474735
-0.414951562177391,-0.2610034725195024,1.1177126001944515,0.0916975551470588,0.0402500000000145,0.0987684413749707,0.54020137
-0.4308192939953223,-0.3768907087735665,0.5998464807391859,0.1155550919117646,-0.0690937500000359,-0.4323896740160926,0.3940112
0.3573287192954625,-0.7175302185478719,-0.1082263885308396,0.1194337683823529,-0.1192250000000285,-0.1294996919722154,0.24156988
0.824484444844899,-0.5930999809721621,-0.3230840987411264,0.1360117095588235,-0.0313750000000254,1.217947184325152,0.18021959
2.0088622909305984,-0.9164650685768848,-1.2951418654827431,0.1506716360294117,-0.0272499999999809,1.059952388142338,0.2712389
-0.2494001000556325,-0.9160728943437464,-0.9718931534413112,0.1816716360294117,-0.0216874999999845,0.1932014727502315,0.36526522
-0.0726616497013665,-0.1407727658962267,-0.8663426740782493,0.1927819301470588,0.0,0.2029952690616205,0.331444
0.854579240926965,-0.6005859669535857,-0.3169343381602023,0.2046610151143791,0.0321666666666828,0.3576216591397589,0.32365382
0.8417651627479358,-0.732041495082753,-0.8583504322427374,0.2164684599673202,0.0100999999999658,0.362642306991033,0.2945926
0.2645619746398019,-0.2764451466167771,-0.1760792565492907,0.2469408864379085,-0.0097812500000031,0.2114240279084077,0.3952224
-2.03714064007146,-0.7851335436626123,-0.4533714675644634,0.2709858864379085,-0.075512500000002,-1.1164403038233075,0.36964828
-0.8846503463975396,-0.9572770658239882,-0.4428612145094501,0.2922303717320261,-0.0834874999999897,-0.0831422738267666,0.19019066
0.1054666872534554,-1.063841144093618,-0.3019158277825052,0.316182577614379,-0.1414687500000013,0.3127606244182916,0.20932801
-1.5671665317044154,-1.1722632071278527,-0.1725886412874056,0.3497443423202614,-0.1063035714285547,-1.0917815530019244,0.34131318
-2.740706490971189,-1.1619759551322777,-0.6475401335185151,0.3867149305555555,-0.1005624999999668,-2.5353411230944376,0.49384132
-1.1001826186279409,-1.2245208436688169,-0.7783652827949773,0.3893289011437908,-0.1196124999999597,-1.0726575626881398,0.41394576
1.2397274510650695,-1.027037528424202,-0.898341224687571,0.3027458129084967,-0.1034687499999904,0.5402746703419403,0.08514692
1.1293348481390155,-0.9749476351351912,-0.7662126575711238,0.2322134599673202,-0.0848374999999919,0.8186783882541905,0.29563457
0.2214019143840196,-0.706533348311604,-0.6638378691280762,0.1941279820261437,0.0090999999999894,0.2046605710086069,0.44787958
-0.5217232043967248,-0.5313952452192388,-0.1836523556303952,0.1735360702614379,0.0709218749999536,-0.8014849186640293,0.5407406
-0.6499557721267532,0.6084787952045946,0.3941467908696325,0.1566482540849673,0.0503571428571376,-0.7786358067956274,0.5897754
0.4397054610807123,0.7239281699000739,0.5289574048080976,0.1536556070261438,-0.0667374999999879,-0.080788222543472,0.42300007
1.406648244886736,0.013278828337054,0.0902326998778947,0.1347953129084967,-0.105449999999962,1.2723707669659188,0.24341848
-0.7677915266304491,0.1878950174853827,-0.0683268931114988,0.1159653496732026,-0.1495937500000081,-0.9473835096516516,0.38636446
-0.4691451123603405,0.4005882813537234,-0.0086392312558483,0.0859730294117646,0.0221875000000295,-0.6075036573493204,0.5499516
1.7013224942812095,0.3041552061372004,-0.693411061752436,0.0571355294117646,0.0102249999999912,1.4564937220814975,0.2881199
0.2987051499507566,-0.0058297271388152,-0.8279467250744731,0.0116042794117646,0.0055781249999995,0.4471662011318942,0.47371423
-0.6746040456131037,0.0316395186613432,-0.7390763089466109,-0.0289198802521008,-0.0182321428571299,-1.0057147817441252,0.5771647
1.5863809446496506,0.0230920352174801,-0.8615993212852047,-0.0616823802521008,-0.0153124999999931,1.4987415773578916,0.4398905
0.5523918143701266,0.0467684521691808,-1.0244643955702517,-0.0774000273109243,0.0160250000000132,0.992003962150858,0.40558043
-1.1928604484126082,0.0507730389765894,-0.5637699769225897,-0.1093853214285714,-0.0618749999999863,-1.5017807476578595,0.65917194
0.806160278586075,0.0478165868788509,-0.4445107603200988,-0.1481647331932773,-0.0683374999999841,0.216529422786731,0.5140898
-0.0328122066481171,0.0478379108421046,-0.4732384143136284,-0.1858926743697479,-0.0739499999999679,-0.2273964129146072,0.46500218
0.1849204890975798,0.0511224632624871,0.4037350503809686,-0.2151665714285714,-0.0066406250000454,0.3715918138590036,0.5579287
-1.0200774627290288,0.0512473092930963,-0.2049018121296941,-0.2098335882352941,-0.0296964285714125,-1.4939163111012588,0.573185
-0.6371991777848628,0.0500605478961074,-0.3511986918937144,-0.2210541764705882,-0.0698624999999992,-0.850206680365624,0.47398543
-1.298917159596886,0.0492967156152492,0.3246263627153904,-0.2555835882352941,-0.0329375000000027,-1.65514199847541,0.58542067
0.7675592007315174,0.0498977656800348,0.2515674153148948,-0.3070995404411765,-0.0083593749999977,0.4627306378289141,0.5166451
-0.3939847528443904,0.0488608461822968,0.1341038606283595,-0.3532465992647059,0.0911499999999705,-0.4973494411235125,0.66777325
-0.1153357116657514,0.040585630462589,0.3111036382965258,-0.3699607169117648,0.067487500000027,-0.2628645205570923,0.5578947
0.1633358989747615,0.0208214128787437,0.1373055802543066,-0.3699634742647059,0.0450781250000318,0.1098518571858981,0.43704146
-1.1912126485962582,0.094608806014333,0.0765853367231509,-0.3899594826680672,0.0760357142857515,-1.186549451140221,0.5432845
-0.5502391685593225,0.0945556690535862,0.1993055797553663,-0.4159197767857143,0.1136750000000006,-1.037735494858367,0.49122193
-0.2997307463152068,0.0456135000606951,-0.4130755973044149,-0.4384447767857143,0.0582375000000183,-0.7725127052706394,0.4034298
0.9168877538269292,-0.0749932837659378,-0.6630927114861648,-0.4605419406512605,0.0274375000000191,0.8079488624810152,0.34822565
0.8139636350069086,-0.3199249398207604,-0.8545996828797016,-0.5006264994747899,-0.0726000000000226,0.667116817061648,0.39692447
0.688559814174538,-0.6084792589052089,-1.731084595727689,-0.5452919406512604,-0.0776250000000118,0.2106132229112104,0.47810104
-1.181276399403744,-0.868482709978471,-1.915027821807858,-0.5895961685924369,-0.1689687500000332,-0.8213686539896734,0.49581012
-2.709669579118648,-0.4030473580533776,-1.964078042152012,-0.6088986896008404,-0.0764464285714439,-2.71649763793522,0.5806683
-1.217416076105976,-0.62413336012463,-1.660401704562816,-0.6508803072478991,-0.2014750000000162,-2.206299045806615,0.48869184
-0.2803986139979922,-0.9725973217977648,-1.29929706493617,-0.6937233219537815,-0.1538750000000277,-0.7857610744526186,0.33195493
-0.6521547490355428,-1.023121098000345,-1.011942893532673,-0.7646004227941177,-0.1098124999999754,-0.6518486080951844,0.22713521
-1.5825514945323866,-0.6296966344221435,-0.6027156469752001,-0.8166110437091504,-0.0817083333333243,-0.9887534647543192,0.22803687
-0.8224984703852809,-0.195381963766153,-0.6592493678583606,-0.8557764848856209,-0.0882750000000101,-0.3539527921387825,0.3107198
-1.0556239060003347,-0.6966602038421231,-0.559407094444473,-0.8708414139822596,-0.1015714285714466,-0.9585302175435698,0.392973
-0.8957369822780687,-0.3749779946120766,-0.6355772553919735,-0.8989719286881419,-0.1039062500000227,-0.96587745808484,0.46434152
1.0452850642383438,-0.2865484641992116,-0.419691810778998,-0.953382811041083,-0.1010125000000243,-0.0897189434513473,0.2945951
-1.125900788416072,-0.1111915191054588,-0.57830901813333,-0.9942706786881416,-0.0879874999999401,-0.860331586067276,0.29583904
-0.1952959493474212,0.1319733126277215,0.2615683002510626,-1.028808493814192,-0.0791785714285993,-0.6509316728845196,0.4243069
-0.5545992647740635,0.8968128688817124,0.3637419452054228,-1.040411434990663,0.06706250000002,-0.0861389315423775,0.39487198
-1.6557943800366333,0.9196527632040103,0.522018710077857,-1.0358496702847806,0.0590124999999943,-0.806528367324334,0.40306863
-1.5133880963925146,0.1033613247801511,0.4290329008187705,-1.0156642711251167,0.0607321428570912,-0.7523373560674094,0.44545898
-0.8923457057665464,0.9792661087322032,0.3471926527346001,-0.9731150064192342,0.0727812499999913,-1.0762752092592214,0.47202796
0.3794544613343505,0.4255069185649022,-0.0707774719130829,-0.9202208887721756,0.1012875000000121,0.2674377391291229,0.32528472
-0.1895144427060455,-0.3390368987329663,-0.0916443162782823,-0.8427916608309991,0.0689749999999662,-0.1750847291555524,0.45955706
-0.541079571017111,-0.9445112817178016,0.1063838082387914,-0.7780122501167134,0.1602321428571258,-0.6455737994406725,0.4080715
0.933185535178896,-1.5042086355321076,-0.1831931491905091,-0.6828100442343604,0.0625125000000252,0.6461381933310569,0.37883344
-0.2101293062137847,-1.715342096357329,-0.3847708803121608,-0.5983953383520074,-0.0329499999999711,-0.2437338974350899,0.3588781
0.0418136236877237,-1.4000774272240688,-0.8111569177172306,-0.531858573646125,-0.1283392857142757,-0.3105402032861048,0.50837475
0.8866550205059093,-0.9940468275140404,-0.7093337501748188,-0.4730823277310923,-0.077968750000025,0.5409824779002873,0.43387783
0.1668708219339903,-0.6295499443739746,-1.3156616262751213,-0.4016551218487394,-0.040937499999984,0.3763325452365652,0.4960121
-0.9075652763719332,-0.2569414910377885,-1.2717559658145865,-0.3545761302521009,-0.0538999999999987,-0.6994441548935799,0.4636198
-0.4535519034031646,0.0196125323905502,-1.4479635123815475,-0.3304256575630251,-0.1043571428571681,-0.9436765466605536,0.36466932
0.8031670466339048,0.064501716533684,-1.4867722488987305,-0.3225925693277311,-0.132562499999949,-0.095259326869579,0.3054055
0.7260697827098433,0.0468680512870262,-1.3854512821138192,-0.3203727163865546,-0.0712250000000267,0.4390395506849819,0.30137357
0.9197832475066824,0.0515296812526074,-0.9568804029922644,-0.3152781785714286,0.0130892857142725,0.6186988629277909,0.32897314
0.3925603950665455,0.0493054414640688,-0.6806629139476995,-0.3330870021008403,0.0438750000000141,0.1031879850580232,0.30591267
1.6132811504738287,0.0470858260474725,-0.5528004559120103,-0.3599105315126051,0.0164125000000012,0.8775583372349199,0.18359907
1.4145786946178611,0.0482394891603309,-0.3589836686027217,-0.3939599012605042,-0.0700749999999743,1.290803213380657,0.2634625
-0.2579353722202778,0.0520630613386454,-0.5567476654242841,-0.4225864768907563,-0.0726964285714188,-0.2772415597914163,0.44446355
-1.4572058374838364,0.0530243812572423,-0.7027051546315634,-0.4659688298319328,-0.1069875000000024,-1.2902855587394313,0.65258664
-0.9071159730171964,0.0534002687914693,0.0417807445975433,-0.4710864768907563,-0.0440624999999954,-0.9554438759128896,0.6369081
-1.343389100821127,0.0648299517697651,0.5626495618582101,-0.4653721901260504,0.0651607142857528,-1.180905022154912,0.5238728
0.5411678029069756,0.0612480783674632,0.360415093088648,-0.4799774290966386,-0.1056093749999718,-0.1447850630301707,0.4163959
0.3323657884597405,0.0502405137978754,0.8803443996157495,-0.5011759585084035,-0.0861000000000444,-0.2628187286359035,0.5296112
0.7656293674934661,0.0427144745647782,1.02086712175658,-0.4760812526260504,0.0561124999999833,0.6241324800621461,0.44229722
0.7426746801303196,0.0104157515845436,0.4525866385903938,-0.4438899448529412,0.0457857142857278,0.6553199462445901,0.6251218
0.2791368538578043,0.0176556995630101,0.6994812906573165,-0.426144356617647,0.0950500000000147,0.4300963787676418,0.47005597
0.645224485473351,0.0171820641621294,0.8460212144530735,-0.4047840625,0.030862500000012,0.3914806705167057,0.39810926
0.9887245979436118,-0.0526218327256172,0.4152426664761296,-0.3674437263655463,-0.0342142857142562,0.9003295560820167,0.40952998
1.1609944788763578,-0.0791844138452299,-0.0320223328093111,-0.2979716675420168,0.0413125000000036,0.7440381961135151,0.5580879
-0.4698498240194281,-0.3203989898528695,-0.8984711616320635,-0.2334062263655462,-0.0667250000000194,-1.0303732974103064,0.3431215
0.9043178384963024,-0.5651158002808851,-1.226145178189579,-0.1719904700630252,-0.0681250000000091,0.3703587164593406,0.29114577
1.066132273318933,-0.5515385889134661,-1.1590659964912997,-0.0854988734243697,0.0318035714286111,1.3522770551832894,0.19945574
1.3086277144473284,-1.4443406869553732,-1.9025463994298488,-0.0285319616596638,-0.1749750000000176,1.4772157558440306,0.31069905
1.0124475577461356,-1.254940863266289,-0.2898684546422254,0.0470900971638655,0.1081250000000295,2.063605375645481,0.38146168
0.9408227927908852,-1.2011386752548143,0.0472986483145948,0.1012497610294118,-0.0221249999999599,1.2261247152885195,0.42378342
0.4734064791367297,-1.4832881270352225,-0.0383535188762692,0.1748232904411765,-0.1099375000000009,-0.0510223761115505,0.17161265
0.9383614192795136,-1.6892814303977934,0.0774741501705779,0.2040626695261438,-0.0964583333333166,1.1572395102845443,0.37601712
2.178297283709198,-1.8429837025973208,0.5776069563621216,0.2145222283496732,-0.1432750000000169,2.2281385161718235,0.28083497
2.3047100603876918,-1.6913336688436909,-0.6876616764420522,0.2456587173202615,-0.1497812500000463,2.446587444931661,0.3136047
0.2511617054417706,-1.732018726966044,-0.0128247224924436,0.2833793055555555,-0.0846374999999852,1.4985608669516224,0.5601605
0.9000052515843447,-1.8485306088749256,-0.0533870892539463,0.2931669526143791,-0.0896124999999301,0.012291557560105,0.35496697
1.2029604001331824,-1.6938075666985888,-0.1484483336773452,0.2840519316059757,-0.1667187500000295,1.437518268884206,0.40433022
1.851617895045105,-1.2162456152013923,-0.1529241004077583,0.2745666374883286,-0.1515535714285647,1.5173526815398373,0.47972065
1.4895571732146864,-0.5127423234431518,0.2888381237518462,0.2643931080765639,-0.1531875000000013,1.955999202660308,0.39722204
1.7135077233735894,0.1851251732269067,-0.074794748154924,0.2583784021942111,-0.1599874999999997,2.2063418611860506,0.42396402
0.9733343560317628,0.5288819930692771,-0.0774234816327309,0.2421063433706816,-0.1490937499999631,0.4976722656095456,0.38790533
-1.462121535385477,0.4230830310270879,0.0759400103079861,0.223343108076564,-0.1967124999999896,-1.3998356451974068,0.63271505
-0.432707868826067,0.6918789298456365,0.1381106624601528,0.1956195786647992,-0.2062750000000051,-0.4826016971997749,0.581249
1.1480126005481333,0.5689663928675912,-0.5191729873776828,0.1426206290849673,-0.1780781250000132,0.8705212606388854,0.3803121
2.713612601056421,0.2821700584267803,-0.9106174340271112,0.1003217908496732,-0.200017857142825,2.1623211365025155,0.3146058
2.7162414294803634,-1.1051261468659457,-1.0506429984572432,0.0335085555555555,-0.282237499999951,2.396806108057873,0.2797892
0.2371547345755276,-1.4920210377822924,-1.105134893596361,-0.0328149738562091,-0.294825000000003,0.0398508897939295,0.33840308
1.283025023082096,-1.0011205125568217,-1.279595276714235,-0.1203581723856209,-0.2870937499999968,1.209309940989562,0.36687976
0.3688365073361812,-0.5222702944008961,-1.0065779728316495,-0.196306375,-0.24706249999997,0.1548423127653212,0.37868872
0.3916948059167854,-0.1878612257942931,0.2160124814811014,-0.2560997573529411,-0.1650250000000142,0.4612572700709001,0.5178235
-0.7359802317239628,0.2746925481199224,0.8046161738834762,-0.2720721838235294,0.0010781250000491,-1.1079675783402123,0.61662114
0.8018919178342387,0.0362462454730883,1.0038626592622248,-0.2748757552521008,0.04589285714286,0.5645577516280939,0.68530357
-0.1135107199230392,0.0239515354221457,1.7598644682748943,-0.2619764905462184,0.1635625000000118,0.1964745823829477,0.5927534
-1.2188257290889093,0.0479780216915272,1.889823541208212,-0.2443853140756302,0.068649999999991,-0.8913440765079155,0.67463666
-0.9202690013667574,0.0512809502286928,1.2862001427678302,-0.2187970787815125,0.0349999999999681,-0.9590306670123656,0.53353053
-0.3746688847152909,0.0548470446938188,0.7691260735798824,-0.1826500199579832,-0.0258375000000228,-0.4668310702961388,0.28336626
0.7280774109120938,0.0478379108421046,0.5096652577029065,-0.1539073728991596,-0.0781999999999811,0.8081775542226612,0.32205373
0.0763174111658244,0.0511224632624871,-0.2931647147295561,-0.147960681722689,-0.0661406250000595,0.1649705385860738,0.29377586
-0.644740851757999,0.0548214936774328,0.1528647962694096,-0.1482894632352941,-0.1063214285713911,-0.9437973425092084,0.42748818
-0.3037287409928453,0.0519884786876818,-0.258755644239907,-0.1456865220588235,-0.0146124999999983,-0.0543629409674054,0.4644227
-1.7029885298961764,0.0605478343068219,0.4749761297022223,-0.1203629926470588,0.1889375000000086,-1.7683395883545614,0.51312965
0.1720796725615026,0.0500939650571193,0.5910174849359002,-0.0492318933823529,0.0973906250000027,0.1690002197906728,0.70729697
-0.7669253334649525,0.053174469199725,0.5910075272150888,0.0236651654411764,0.0045249999999441,-0.8530867451123854,0.44953755
0.6492695708940934,0.0404726070093646,0.1598845836725359,0.0937157536764706,-0.0086375000000202,0.7896508907953775,0.51697665
-0.7068580097869378,0.0328301573463753,0.6833514384430647,0.1680512316176471,0.0417031250000263,-0.7542200091041319,0.41735607
-0.5413775396213315,0.1438082957094961,0.0768340744469761,0.2361434585084033,0.1687857142857183,-0.7237654023044148,0.37942743
0.2524370032069799,0.0175353673178477,-0.2774967306569665,0.2817272820378151,0.0689250000000356,0.013850180837108,0.35394514
-0.6112091413472927,0.0202754190314951,-0.1121693517657551,0.2718493408613445,0.0317374999999628,-1.0058774358165383,0.5610784
-1.224573665060413,-0.0610631772687942,-0.6117341270908964,0.2507815887605042,0.0040625000000318,-1.2204885805136725,0.4748959
0.0533113092060687,-0.3038706607852579,-1.5468824997926265,0.2029764417016806,-0.0751000000000203,-0.2442658562127815,0.38948342
-0.3881269283765401,-0.5210067050498375,-1.4313611601017235,0.1561051181722688,-0.1017499999999813,0.1512951168897904,0.39072612
-1.5189123347757534,-0.734804269127828,-1.4593908244984082,0.0838597137605042,-0.2002187500000332,-1.5017755530987351,0.53402126
0.0261425440070075,0.2631185170168946,-0.684422633959123,0.0354395456932773,0.0681785714285752,0.6126991789784622,0.2738797
0.3878331957810214,0.1263655549044132,-0.6645904434731807,-0.0304391307773109,-0.1406000000000062,0.3218563835721184,0.29169005
0.0438428314736999,0.5644232839157982,-0.1178527263604023,-0.0810027337184873,-0.1568750000000136,-0.2360996349276032,0.3505537
-0.418408399262319,-0.0622841549572519,-0.2476585457322218,-0.127247481617647,-0.1759375000000318,-0.6444538242952988,0.40086517
0.0759637261624724,-0.3095918901699858,-0.1581490253405087,-0.1747728084150326,-0.1775833333333594,-0.666144261542421,0.30953
-0.1640538343486594,-0.5378673048537539,-0.5865152363868841,-0.2473206025326797,-0.1727750000000014,-0.3434715164237953,0.08035928
0.3838854297908108,-0.4539745385992028,0.5089960108735226,-0.330473766923436,-0.0081964285714093,1.5122225636330384,0.3117857
1.0950263477436808,0.3855339937382362,0.5117717136805827,-0.401692516923436,0.2240937499999518,1.3367900770511305,0.17547095
2.427362678596673,-0.558360757488152,0.4574129993411887,-0.4652210463352008,0.1741124999999783,1.9136958383494156,0.23375133
0.3049142592784946,-0.4038938984877491,0.8103986659142122,-0.5127265610410832,0.0862625000000321,1.1615338770583084,0.34581453
0.5649432403528123,-0.5305053254464003,0.4507715772780164,-0.5635879055788982,-0.0516785714285674,0.0776273677803739,0.4217794
1.1435987750931156,-0.5683856105254459,-0.4894533764455836,-0.596367317343604,-0.1016874999999686,0.3771975605349595,0.20178884
1.94741662791986,-0.6799902912841104,-0.6438093143671594,-0.6138643761671335,-0.1316124999999601,1.869124868151451,0.4303404
-0.4891032108449263,-1.215719053629038,-0.1376452789824943,-0.6115466240662932,-0.1240178571429169,-0.0445116744972473,0.3597565
0.0717915004437062,-0.4333625908874868,-0.3089373376027465,-0.5775267711251167,0.0359062500000391,0.6285956997466295,0.4800346
-1.7530361322030754,-0.5495142283393248,-0.0937137941990289,-0.5290444181839403,0.0324125000000208,-1.2269114137060786,0.30445224
0.2943932327331751,-0.2017855114487932,0.0302356039870915,-0.4643357784780578,-0.0097749999999905,0.6705924820238124,0.3923268
-1.2307404230696892,0.3936956502761428,0.4625512641023426,-0.4352181324696545,0.065357142857124,-1.1260338564472203,0.64128983
-1.469629779229818,0.8570226164586559,0.7007519335618493,-0.3588394559990663,0.3476375000000189,-1.3617034237550003,0.57005787
-0.2178149726999773,1.389070415734354,0.3839936716391268,-0.2733218089402427,0.2314250000000015,-0.4104126452509702,0.3934493
0.182794351997627,1.7286880771405633,-0.2645277491618528,-0.1933291618814192,-0.0135892857142607,0.0442913734714551,0.29490906
0.5697595989905965,1.0295033470087065,-0.4171310461466349,-0.1107293865546218,-0.0478437500000268,0.3518102373236659,0.6043459
-0.8803577982867744,0.5156785762207109,0.1281349137169898,-0.0095962983193277,0.3579375000000482,-0.9423547306323852,0.68406147
0.1317861157111015,0.0279551784062848,-0.0392858605525246,0.0822621050420168,0.0453499999999849,-0.0754284077226291,0.6299956
-0.4899456697376013,0.1385853971849472,0.4939360957860696,0.1593537542016806,-0.0319821428571458,-1.0205813194022304,0.6698647
-1.7919619553680453,0.0499314976697935,1.3770782016043877,0.2281427247899159,0.0715625000000272,-2.0145766274936525,0.46348706
-0.1294181483828243,0.0602114837594595,1.544930139788309,0.2995537542016807,0.105525,-0.5349557024485307,0.56337315
0.929840750970509,0.0515296812526074,0.8593448310625476,0.3689129978991597,0.0378392857142557,0.6560471225815958,0.5211521
-0.2710686216921558,0.0493054414640688,0.7554792236012728,0.4166924096638655,0.2090000000000031,0.0042157606358477,0.71131504
-0.8279865387502277,0.0540770028120339,1.1382285990075218,0.4645012331932773,0.4436624999999594,-0.5002768944770064,0.57392
-0.5159911583858944,0.0480623434598602,0.6933861364913145,0.4862606869747899,0.1869250000000306,-0.6195087108940485,0.5716165
0.6095242356016742,0.0504025485290293,0.6321684850025101,0.5013841113445379,0.0605535714285565,0.6152654304844509,0.5888177
0.5040137553696358,0.0475994181317629,0.4321304883716309,0.4960899936974789,0.0010125000000016,0.4631038103030714,0.6481759
-0.8710549922890407,0.0489776665894918,0.4359946896234969,0.4852370525210084,-0.0136875000000031,-0.3531970446893705,0.4573208
-0.142557395506887,0.0472219483790601,-0.5128955079414961,0.4724219275210084,-0.0452142857142803,-0.14841659558352,0.45909518
0.4240242637906649,0.0498586492992878,0.004051325539911,0.4337725709033613,-0.1032343749999995,0.9351992147379576,0.524064
0.381304891366184,0.0529147508477333,0.5592948798611134,0.461471100315126,-0.0363500000000271,1.0547213861315006,0.682603
-1.0256510381327115,0.0629641706506133,0.985197039281838,0.4825952179621848,0.0807374999999979,-0.6647264352949319,0.5532794
-1.1747878348305456,0.0104499815574828,0.3214656533403041,0.4928747610294118,0.0531607142857524,-0.7207217544499648,0.5898012
-0.9491028103401136,0.0507162745807358,0.6048087563167548,0.4781203492647058,-0.0243249999999761,-0.6394061686400445,0.23721197
0.9656071641591002,0.0214589760587015,0.0848439172268969,0.4499953492647058,-0.1003875000000107,1.1251664437197,0.19941357
1.1863572101439308,-0.0706131993479861,-0.5335281106038506,0.4108650971638655,-0.1834642857142512,1.960171483818033,0.34557164
0.295306607197227,0.0282495688334005,0.0775021013852271,0.3951900971638655,-0.0731875000000172,1.017620207147549,0.39219028
0.0151365064591965,0.2859331613475845,1.472741117276048,0.409755538340336,0.2269000000000005,0.8364232533617793,0.39304096
0.2916278634775287,0.0423152896756648,1.5104169964136431,0.4153624711134454,0.2073750000000132,1.430101817751345,0.34467188
-0.0410678574563334,0.0260784179450448,1.8349316263174984,0.4342805383403361,0.1468035714285633,0.3403706883914967,0.49271378
-1.5243588205492684,-0.3859687167498499,2.1512383847128023,0.4249239206932773,-0.0363500000000271,-1.7322004276777665,0.4566671
-0.6277609941347555,0.2275674144165002,1.1709766835376931,0.4298106853991597,0.1002499999999599,-0.6984301472063765,0.28761968
0.2280469845380276,0.8482151952897126,1.1104636158204324,0.4086027022058823,0.2542500000000132,1.45779117117748,0.1996961
1.7162440519161308,1.2833873869243049,1.150319810205035,0.417176231617647,0.342937500000005,0.747957260857229,0.31512427
-0.8189699785143814,1.0725712931325395,0.8184037754276092,0.4400185518790849,0.2644166666666478,-0.5417189150799442,0.012482225
-1.0284736053989776,0.8455168043864263,0.4793944907304771,0.4743016401143791,0.129099999999994,-1.397096834022035,0.013392688
-0.1185162987830397,1.017519173417721,0.3975991453598656,0.5266145996732027,0.0788437499999759,-1.383643497857793,0.014044547
0.085218129646985,0.8406015071318914,-0.3218289921634769,0.4979381290849673,0.1201125000000047,-0.0385587474490034,0.16803499
-0.8235910978063218,0.912411679120216,-0.2865088361467819,0.4915493055555555,0.1645125000000575,-0.6054427098094166,0.15842068
0.4671957731003057,0.7258337417931195,0.6184724273294147,0.4820666374883287,0.4142812499999877,1.0381958666696298,0.32309318
-0.704228340394542,-0.1927056458118468,0.8982669410838038,0.491478402194211,0.3165714285714216,0.2377397746496643,0.36079028
0.2339504593267916,-1.047187907411237,1.0323724250498163,0.5087313433706816,0.1596875000000182,0.0095549684541898,0.21750706
0.4771843332070713,-1.6566946733145769,1.199077926363769,0.5413195786647992,0.1271375000000034,0.7561706845207947,0.2976493
-0.490811810326314,-1.615017261504654,1.186837188633746,0.5551210492530345,0.1367812500000127,-0.2973088848329021,0.22832568
-0.2942105357972425,-2.0622482027141893,0.3020279342020461,0.522828402194211,0.0881625000000099,-0.0847119794472527,0.2926043
-0.6736015123385928,-1.904608549094428,0.8175098638671586,0.4928254610177404,0.070099999999968,-0.0371560518039444,0.44489336
1.013098682773377,-1.9907821912755053,0.6474633859052541,0.4700470996732026,0.0551718749999849,0.9103954545132324,0.4071239
1.0981325411282643,-1.7028912235450866,0.3015156704048458,0.4574541364379085,0.0096071428571349,1.332073397222493,0.42299125
-0.0290178604917534,-1.4641139681139577,0.3754223629929297,0.4424791364379085,-0.0244874999999638,0.1266933638502575,0.6623237
-0.9840654890056738,-0.5302521330368296,1.543771332811893,0.4779938423202614,0.2949249999999779,-0.6176687124586946,0.34649658
0.300300076933959,0.3067465733878875,0.7541703148864983,0.4653035849673201,0.1341562499999895,0.4240216024783517,0.34174985
0.3741080875267282,-0.2024082714434359,0.5686238116986966,0.4389877352941176,0.0246875000000272,0.682957152617057,0.24661297
2.020385819725836,-0.2225628424692259,0.176525858963709,0.4067678823529411,0.0592249999999694,2.185150091132443,0.2558982
-0.042958897485697,-0.0863743217101512,-0.3482356672292111,0.3608689852941176,0.04395312500003,0.443714593847103,0.29421315
-0.6125964832132194,0.1226102703803769,-0.7750132120169767,0.347109531512605,0.0518928571428887,0.2737039765536458,0.36303908
0.6677679962269404,0.0260441823774971,-0.7383539970302939,0.3290529138655462,0.0361875000000395,1.0673532387506153,0.5311583
-1.393253702855864,0.051569347903189,-0.314914377995831,0.3275264432773109,-0.0296000000000162,-0.949699617176508,0.54222804
0.6113636914009775,0.0493054414640688,-0.1071913321977485,0.3269382079831932,-0.1536249999999768,0.9588869605414088,0.5249745
-0.4659772264435153,0.0473956673222131,0.0618083630803532,0.325511737394958,-0.1277125000000296,-0.1087117248400557,0.6042163
-0.2334450653115609,0.057920497362503,0.3264599424621908,0.3337396785714285,0.167425000000037,0.4383774830239192,0.5116825
0.1078794511989497,0.051213269483453,0.3948717696919479,0.3417451932773109,0.1747343749999572,0.6672132933318367,0.54635185
-0.0129759881777433,0.0504025485290293,0.3018824494276944,0.3630340588235294,0.1424285714285815,0.5394233246979324,0.5260857
0.3438499051836469,0.0475994181317629,0.5067855317977223,0.3855634705882353,0.179262499999993,0.9173529455216012,0.3605883
1.542960837483699,0.0477437632578281,0.3317983929207898,0.3900046470588235,0.0400625000000332,1.8643182744681184,0.39559743
0.9985750902614308,0.0498586492992878,-0.7710047284011367,0.3947386948529412,-0.0327343749999613,1.5418058649149682,0.33807966
0.4943054705062952,0.0500472322667421,-0.8215954965743953,0.3918269301470588,-0.0819750000000567,1.261788441477409,0.34088528
0.4834651704324178,0.0448297365617881,-0.8861991805281292,0.3398922242647059,-0.1408875000000193,0.996105522710223,0.5272113
0.7180533612475357,0.0317445538175724,-0.781802991387731,0.3448159375,-0.052171874999999,1.108265503943236,0.32035047
1.3220539362315855,0.0010934029081314,-0.6840655312099607,0.3554081643907563,-0.127464285714268,1.831013286814232,0.3761593
1.0587713191822847,0.015105458576574,-0.3538070561984696,0.3583449290966387,-0.1738249999999652,1.9588793828536293,0.46593028
-1.2169256633302412,0.0503300368294221,-0.1605531481344982,0.3597905173319328,-0.1981375000000298,-0.1524768016154028,0.6134644
-0.9523674846296148,0.110175132293398,-0.1796438356409704,0.3284286475840336,-0.2179374999999481,-1.0498073572563578,0.4019084
0.7498402940429162,-0.2495767630306927,-0.7156018897066734,0.2890793828781512,-0.2877250000000231,0.3053271036323472,0.55873215
-0.8878884423351302,-0.3797770513817507,-0.3646533615171038,0.247575706407563,-0.2419999999999618,-0.0160127340721766,0.53494495
1.266425446302835,-0.7303308052347316,-0.7949687943781281,0.187903831407563,-0.3010937500000068,1.4198225424487585,0.3267948
1.423524780130891,-0.5878911485561308,-1.0233971360682206,0.1427924868697478,-0.2163214285714048,1.938235077617739,0.3327125
0.065612896982141,-0.559668430246674,-0.1548756807759445,0.0825020456932773,-0.0813499999999862,0.9831336509924484,0.3702529
0.88045267712802,-0.7349379205604953,0.0834494966723609,0.0585560898109243,0.0706250000000068,0.7172456942287766,0.5172013
-2.4482151325567267,-0.7444529702995966,0.001375277117569,0.0253260477941176,0.0286874999999895,-0.986677315556608,0.35363618
0.0709201129412785,0.2448641315137301,0.5180630841813819,-0.0265048345588235,0.1692500000000336,-0.1111062834067728,0.2610791
-0.4563044880903676,-0.0096382413103696,0.6388616431873154,-0.0326331025326797,0.238420114942528,0.4365607259143808,0.2610791
-0.723357790979974,0.1154725106136668,-0.0953588328887448,-0.0292815400326797,0.1387250000000222,0.258714952402061,0.36179513
-0.5707116913380589,0.0294240821146159,-0.1505446812772267,-0.0054517080999066,0.0719285714285433,-0.3354757391384865,0.28503805
-1.2403096124903488,0.8011046885924558,-0.1583599670741182,0.022962777194211,0.0089687499999513,-0.6066528737403514,0.43051597
-0.7132323409736141,0.276236495155744,-0.3266215948409725,0.0144204977824463,-0.0961374999999975,-0.1861796953171461,0.5467941
-1.013442624813122,0.3499147929805509,-0.5186745644171584,-0.0057239349906628,-0.1602187500000127,-1.0194375457915597,0.4259743
0.2811103224483275,0.1795311846289393,-0.3234662734827224,-0.0100621702847805,-0.0909285714285488,0.779715831432007,0.4768533
0.7935145513876942,0.323007640931668,-0.1930321893511671,-0.0034709938141923,-0.0158124999999813,1.177832558668369,0.39038634
-1.7501309234583908,0.4797501466803752,-0.2755222005810755,0.0124518003034547,-0.0223624999999856,-1.1634234940581352,0.41414902
-0.5697740547327826,0.1316061369948423,-0.4540992812247205,0.0410173465219421,-0.0725178571428841,-0.3324762571261956,0.60930914
0.6833212976378387,0.6273321961066274,0.085881564382719,0.0737533759337068,-0.0418437499999981,1.0583565885917423,0.5226194
-0.5952876264084767,0.4404548230595618,0.2900075840756276,0.1204767215219421,0.2265375000000062,0.1297703217251723,0.414731
0.1028037852898779,0.6330360793611027,0.2527881003773939,0.1593895366479925,0.3270468749999509,0.3887639395668733,0.6140742
-0.5930023966351321,0.9508447473066194,0.1119029777952292,0.2020171616479925,0.1582321428571731,-0.4541082891750371,0.45599946
1.3077859159592753,0.4745799241434996,0.01787776056281,0.2163068675303454,0.0503875000000562,1.3367983184404568,0.4291871
0.0408041259387768,0.1910715296654445,0.8254256797771704,0.2404612792950513,0.1333000000000197,0.5144439170234212,0.38945636
-1.1233035614558151,0.1341195852933311,0.8210390623681043,0.2977701028244631,0.3364107142857619,-0.9329170281203608,0.45378911
-0.5336382466514936,0.5893597790185431,0.7660242632444231,0.3034581134453781,0.2907812499999522,0.0644939224920331,0.5767779
0.8617418069939377,0.3447961056163201,0.8491455540485239,0.3025323781512604,0.1066875000000209,0.8643385578329322,0.32077706
0.5386672464579355,0.1568874086336213,1.1075230349357623,0.2823937226890756,0.0668281250000291,0.975001457991508,0.29152328
0.5727810616017229,0.0269003602360693,-0.0277929813371439,0.2716177247899159,0.1128928571428673,0.9665797246526864,0.25409928
-1.866831080843182,0.0364358495374095,0.1765648666189928,0.2826861071428571,0.2328125000000795,-2.078640003150055,0.44418803
-0.1777115781999715,0.0504142321911086,0.045045758439177,0.301380224789916,0.2583999999999946,-0.2831800211459057,0.65885925
1.09450786099056,0.0515296812526074,0.0773950706700593,0.3306659390756302,0.1562142857142703,1.267054922189003,0.45905048
1.82136633781276,0.0493054414640688,-0.1638321953112963,0.341460056722689,0.0173749999999586,1.767725102041485,0.35967597
0.8400321820888729,0.0471867527906307,-0.2046893999873887,0.3516953508403361,-0.0762124999999969,1.5657399920448558,0.34157237
-0.8965503641434638,0.0518151928309669,-0.92347185440371,0.3605963487394958,-0.1421406250000245,-0.6064238493268252,0.43591642
-0.8512677899603605,0.0517570407833526,-0.4367375829067441,0.3657933025210084,-0.0945714285714416,-0.3690877531157673,0.57483983
-1.344744360912027,0.071409014476357,0.6038983463585265,0.3700580084033613,0.037262499999997,-1.0295805383749392,0.5995438
0.3623088705915703,0.054540118484279,0.4359698073816769,0.3664844789915966,0.075687500000015,0.7112808727185447,0.73513496
-0.8158865885682162,0.0706795531684204,0.3418433091206198,0.3535222951680672,-0.0900892857142707,-0.3948304657314147,0.47779024
-0.9887707555809392,0.0507612655888848,0.7182761221655961,0.3326670561974789,-0.1412343750000104,-1.0334396697045838,0.65138865
-0.5318771699997742,0.0494960723483291,0.3430912296779297,0.3096302914915966,-0.0337250000000608,-0.2372010682700002,0.6190644
-0.2914485961646968,0.0831237956649609,-0.2547861411888807,0.2689299238445378,0.115078125000025,-0.0073384600851272,0.60202605
-0.8514513037294632,0.1437644150206388,0.4527200863199753,0.2476653492647058,0.0971607142857351,-0.2683526301259294,0.57468134
0.1861773050531607,0.0285957924641267,0.4207619087732139,0.2518079963235293,0.1148000000000024,0.0725165503551433,0.54649967
-1.4995780085573776,0.0416183003998727,0.2593536380417219,0.2507535845588235,-0.0198874999999816,-1.1427196296243691,0.57428175
-1.542601991997705,0.1946921951931592,0.4782173952352979,0.2291968618697478,-0.1305892857142794,-1.34448056586534,0.6090801
-0.3763726550453093,0.2288403631721056,0.6283451506544233,0.2290365677521008,0.1296874999999886,-0.2556690862844818,0.56779337
-0.932208574354908,0.1518018107160699,0.2827805191892912,0.2293373030462184,0.1104000000000269,-0.1235199427340529,0.58961815
0.4422163015747164,-0.1364447851884859,1.4295036606742275,0.2195708902310924,0.2771562500000186,1.5340248461365074,0.5137853
-1.564499062664334,0.9995397657362616,1.3095023316190215,0.2404742515756302,0.3249285714285861,-0.8266602273017559,0.3371365
-1.84958936106474,0.5578565864390147,0.8755065004860915,0.2381764574579832,-0.0437249999999949,-1.5353352045876427,0.4532423
-0.3194071792454916,-0.0813488358593897,0.3198958502432186,0.2404069721638655,-0.0038749999999936,-0.0655338906122185,0.40592337
-1.4910182258448028,-0.100798978043211,0.6925031549866241,0.2316989889705882,0.0061249999999972,-1.1423316205265246,0.4220399
-0.5728831711260671,0.3142859882855823,-0.193938734901465,0.2396842830882353,0.3090624999999818,0.3188250129164309,0.32151824
-0.6271411770757283,0.3952586348350023,-0.3561958200766328,0.2536295445261438,0.1891666666666651,-0.0839021292595118,0.32463977
1.4124364389629285,-0.0145689299464011,0.1408163063822083,0.298319670576564,0.1045535714285961,1.2303663062670906,0.09967847
-0.5107586278557388,0.9377679258770164,0.1143536322799016,0.345485571311858,0.0565937499999904,-0.5399750168476439,0.53481597
-0.1692115155066772,0.6196236035130557,-0.4407711541853234,0.3677649830765639,-0.0335125000000289,-0.0767168171664307,0.513499
1.5347258728183626,0.7829689378249906,-0.6949951525582605,0.3898182919000933,-0.0857374999999365,0.1774437359306667,0.22324798
1.307006191085044,0.5780787589113394,-0.6185979027441056,0.3987915061858076,-0.1735937500000091,1.404362721162938,0.24456742
0.691830883097523,0.6102866463206241,-0.7450662155234672,0.3993797414799253,-0.1105535714285679,1.2324996217827886,0.42466366
0.0693565451051783,0.7917174825104719,-0.5846717241544009,0.4114120944211017,-0.1485624999999686,-0.0441553257588306,0.4548644
-0.2391834898621473,0.4212855005381314,-0.4081589840944747,0.4392188171101774,-0.2066428571428673,-0.2211882147384213,0.49555278
-0.0296954870840771,0.961588998280437,0.1812588540613975,0.4487555818160598,0.0042812500000195,0.5835848612599169,0.5400919
0.884173551674487,0.6111265251419701,0.1092770612697566,0.4541835229925303,0.0585374999999999,0.8163085909833618,0.45872083
2.0537360222847383,0.3607265720326229,-0.048606469740804,0.4566862803454715,0.0238499999999817,2.44230102657,0.38131627
2.716764446280527,-0.1210777289121736,-0.3672242449868206,0.4521432131185807,0.004796874999954,3.1799213826843906,0.2487806
0.922303320872106,-0.1690922787547535,-0.7127801295241042,0.4552120145891689,-0.0410178571428332,1.2449876353050562,0.30846786
0.8084944186127461,-1.3044857880448617,-1.317330670534485,0.4442811322362279,-0.1262374999999451,1.549255757506076,0.3184364
0.5925118714147799,-1.1872326030511122,-1.861361659698512,0.4118105440009336,-0.1922142857142716,0.9565703001324312,0.33307117
0.7883683938762267,-1.0264902257600734,-1.5758267852094268,0.3481644042950513,-0.1150937500000282,1.326446532835928,0.22443904
1.3195688280520237,-0.6669999557146586,-1.7421327207278678,0.2758926722689075,-0.0136875000000031,2.09877726213928,0.18968163
0.3638902817546799,-0.2522461507015536,-1.1737466872803224,0.175251075630252,0.031849999999963,0.7720495500346456,0.3335651
-0.4180197837749513,-0.0571323245313052,-0.5665723094108482,0.0899404138655461,0.07357812500004,-0.60581448995302,0.6028069
0.1817116405896007,0.0225490620823475,0.0396407909472663,0.0323574306722689,0.0526428571428709,0.4211373440675237,0.701914
-0.553609740303268,0.0297888232105656,0.0832666641840132,0.0012861071428571,0.1034375000000409,0.4363995463902416,0.74376136
0.2054446042491382,0.0548996444789514,0.5141772352547488,-0.0016156785714285,0.0895892857142826,0.5838609961391938,0.57635564
0.2208849556305774,0.0558416199962401,0.5987490911442565,-0.0239686197478991,0.0464999999999804,0.8015831925049544,0.52561504
-0.8173090295381706,0.0561280405064702,1.0952681594186529,-0.0131156785714285,0.1534125000000017,0.3115639366420337,0.6582691
-1.7758537747938907,0.059073917180385,1.096069034137882,0.0073202457983193,0.1451749999999947,-1.1407369587236804,0.6958812
-0.4673642850825005,0.0577764821108271,0.8057966695095509,-0.0018801218487395,0.0958593749999749,-0.2095270530388595,0.66352355
-0.7348104607964091,0.0568722315512572,1.069195215793261,0.0170558025210083,0.1115535714286011,-0.7243158783677616,0.7125269
0.9430669231250992,0.0484427288826596,0.581260431637754,0.0281146260504201,0.0553874999999948,0.9415280293839838,0.34349462
1.5592113219429409,0.0504210564167309,-0.58580290042019,0.0121219789915966,-0.012714285714253,1.4305718321172165,0.25511107
0.3879835231686066,0.0534821104508259,-0.2537091959618115,-0.0024822085084033,-0.0848593750000077,0.3768454451602471,0.37485752
1.031958122878489,0.0531338203623688,-0.4110774952537243,-0.0112763261554621,-0.087600000000009,0.943139360673102,0.30709743
0.8344403653271273,0.0750763995524475,-0.5086015654093251,0.0043330856092437,-0.1120124999999916,0.9137624724623314,0.3442975
1.2063734473658514,0.0304847701978923,-0.5435080148387602,0.023447975315126,-0.1671718749999513,1.0162280534047667,0.24018373
1.2979773665394836,0.0067372263738538,-0.4137067840981109,0.0383049970588235,-0.2840892857142876,1.10502249800938,0.17303342
-0.1445449538185357,0.0913388752564487,-0.5407491561083569,0.0499182323529411,-0.3524499999999761,-0.3651520883882306,0.2663336
-0.7367450244384265,-0.0588221186617373,-0.5005472646729465,0.0275285264705882,-0.4148392857142653,-1.048532835023588,0.42240041
-0.597515735690234,0.0214900991805417,-0.8460680914636747,0.0031519508403361,-0.3215624999999704,-0.8967062975209197,0.41688102
0.3697022276080176,-0.1744810087861425,0.5384217255691592,-0.0109031962184873,-0.0634749999999826,0.7322370804994032,0.386153
0.1821788865603769,-0.320678360965524,0.2842114768837905,0.0061007953781512,0.0998749999999972,-0.6384001634360396,0.36984456
0.0287008596300166,-0.6928217126661825,-0.2460953968241322,0.0359142144957983,-0.0628437500000131,-1.6779767961334664,0.33493802
0.6311817620400298,-0.4408486177840612,-0.2893939776409664,0.0549205170168067,0.0010535714285992,-1.2655575458029835,0.27473918
0.6048978163111582,-0.774142518986421,-0.4076420119052145,0.0318359581932773,-0.2141000000000303,0.1985310568703345,0.2641962
0.234653756687698,-1.1199288772235478,-1.2980386699886064,0.0082605905462185,-0.1258749999999509,0.545869725212393,0.41765308
0.1208019213927459,-0.8793080448188166,-0.6475830717738582,-0.0288665102941176,-0.1013125000000059,-0.2681699516143055,0.38027748
0.6778709631150739,-1.250098814009248,0.0197520855669213,-0.0641124253267973,-0.0779583333333562,0.0497435510074809,0.3089354
0.8974722008118738,-1.2606391483884158,0.6316996621333645,-0.0890205135620915,-0.0738999999999805,0.9566688020797016,0.2600667
-0.3003497135049253,-1.6496150226980832,0.8284486545501843,-0.0944530897175536,-0.0955714285714179,-1.0038398913271105,0.27088907
0.4787364910156668,-1.1321858574075634,0.8313692599499073,-0.1072159573646125,-0.103031250000015,0.3738833213332812,0.39316177
-2.365192207172629,-1.5235180833997264,0.5848731924596151,-0.1232444867763772,-0.1352625000000102,-1.4764662347674775,0.38886303
-3.5150418300703667,-1.4078614615951583,0.0641224554853872,-0.1421507367763772,-0.1813437500000532,-4.045492308805863,0.6120361
-0.3721853758749813,-1.55943994886445,-0.253267937590393,-0.1524974644024276,-0.1535535714285743,-1.192533619252713,0.6070195
1.4469819006490163,-1.6446502401030083,-0.2656739003720249,-0.1516739349906629,-0.1466874999999845,1.3287485329478783,0.2821324
1.6185012893725716,-1.6801919279909912,-0.4216471065940705,-0.1282033467553688,-0.1392374999999788,1.2769889111591064,0.19506073
1.3319162465415828,-2.1301102801830845,-0.5736573399006967,-0.1099297123015873,-0.1271428571428714,1.0821694004348976,0.4165356
0.750553478396731,-1.171085249340544,-0.0941615719763104,-0.1106892711251167,-0.0507187499999872,1.0553512453815093,0.2649374
2.3466291745120373,-1.268813382591249,-0.3558323256120986,-0.1497804475957049,-0.0449624999999969,2.3352231641161745,0.18937269
0.1772199349102133,-1.2024568557335338,0.0106269609549435,-0.1705129843604108,0.0216718749999245,0.582933381673543,0.18741773
-1.2859163813523895,-0.783757883495518,0.3260075749057978,-0.2094835736461251,0.1914821428571258,-1.3559023829308403,0.6953257
-1.5086363240736689,-0.4589137952667155,0.9186234320229576,-0.2011196030578898,0.2021375000000489,-0.9011783684409268,0.60803753
0.0839584316849377,0.0615669042904461,0.8166965677537625,-0.1667813677637722,0.3465499999999792,-0.0232636247253872,0.5546083
0.1306718850346662,0.2835578032012771,0.8538905525821058,-0.1438475442343604,0.2640357142857397,0.3150040394064192,0.46571824
-0.0580549100110897,0.1253010565084793,0.4619439909610017,-0.128747768907563,0.0460312499999986,0.0587994257718375,0.2882766
0.2327020171545553,0.2357770068785664,0.0575925107511248,-0.0979823277310924,0.12793750000003,-0.3031890958483236,0.49706224
0.679459380405873,0.2778056517801919,-0.2721560843608163,-0.0741503949579832,0.1987031250000086,0.7384628355881271,0.3643082
-0.4756125296987926,0.0715735282349892,-0.2534303091164936,-0.0427940399159663,0.1332678571428687,-0.2908821530014173,0.39078465
-0.1941637780801846,0.0397765058714621,-0.2229891384670184,0.0029066953781512,0.2535625000000436,0.0056644559010545,0.62960994
0.2239079352603339,0.0501657281141749,-0.0152866833204479,0.0741743424369747,0.1005250000000046,0.6794382515401025,0.3527081
0.8639725237811234,0.0628170369350215,0.3053715667661771,0.1464012331932773,0.0345892857142757,0.8085250592275811,0.46724722
0.0004767405174827,0.0824074741727405,0.169416301362473,0.2179306449579832,-0.021250000000009,0.2797190407830741,0.43627447
0.0507622740521701,0.0635734964564397,-0.2936872436207181,0.2803718214285715,-0.0584625000000187,0.308628296547726,0.53775567
0.1287993761965707,0.0654214904929266,-0.3196318467413379,0.334052231092437,-0.0615156250000268,0.1103243968412538,0.47540423
0.4894946709321744,0.0548454546401224,-0.4324689845288545,0.371381537815126,-0.1178214285714034,0.8701198328149975,0.44763923
0.4075025168072866,0.0651682090574222,-1.1090574465150396,0.396160949579832,-0.1316124999999601,0.630214522017293,0.41810358
2.0168412285740263,0.0477437632578281,-1.4339040904358702,0.3831756554621848,-0.1674374999999486,2.060091122121706,0.3169886
0.3694270055223996,0.0549248940003851,-0.9410807015941276,0.3544046481092436,-0.1154642857142675,0.7438166989163706,0.21838987
-0.87680304630803,0.0815453104889428,-0.7333124906683466,0.3061964679621848,-0.137859375000005,-0.9858877494012348,0.35540238
-0.0656197246394775,0.0554279578736125,-0.7502542307854633,0.2430126517857143,-0.1491000000000326,-0.1817116065559244,0.39645442
0.3010729995559841,0.0294837125424127,-0.5313536026497191,0.1758416959033613,-0.1467968749999499,0.4196335270781278,0.46094507
0.3486114182586954,0.0620353101172855,0.3966149870726451,0.1655330036764705,-0.0898392857142766,0.5545236229425392,0.51370984
0.7397030667608775,0.0324278309637239,0.287454719757615,0.1430580036764706,-0.0974499999999807,1.0988483934052533,0.45344177
-0.5633958599106025,0.1427531112403476,0.7981851640444306,0.1268565330882352,-0.0872625000000084,0.0041224428883411,0.33376017
1.6261666975349334,0.085764801001616,0.6206496148096731,0.1011086339285714,-0.0858392857142575,0.8739115459458935,0.47535643
-1.785527390675233,0.1726239605417522,0.9329523526533888,0.0849924574579831,-0.0105624999999918,-1.387281682448998,0.4897137
-0.4246991926220108,0.1951129470594092,0.5427118793968979,0.0623520162815126,0.0151500000000055,-0.3726067104032569,0.5356534
0.8190779286146678,-0.1664869942176498,0.2765298252109838,0.0520708975840336,0.0605312499999968,0.935696605837708,0.43087208
1.047021548225274,0.0970109782360875,-0.3324097871368164,0.065327200105042,0.1029285714286061,1.3118117940811038,0.25606555
-0.3948379769420401,0.1606592020291966,0.4017570851854372,0.0606764648109243,0.178024999999991,0.973906495148934,0.3774951
-1.31328160434936,-0.0667215932506914,0.1330711028083473,0.0592305089285714,0.0262500000000045,-1.3591021666220116,0.55427545
-0.5143853419852666,-0.1040496594389941,-0.036710740725107,0.0477284080882353,-0.0091249999999831,-1.2210401949563323,0.5500994
1.086747164681747,-0.2872163351386615,0.369313563464752,0.0504195845588235,-0.0188125000000241,0.3831333359889542,0.53883463
1.1301382353845748,-0.4314401139212316,0.2844735364674741,0.0766442577614379,-0.0039583333333439,0.6337991648578646,0.41211978
1.209082632239651,-1.4372381443039974,-0.2433999262993546,0.1269961485177405,-0.0430714285714657,1.4189716711945692,0.1999333
-0.9123255515845152,-0.9636662449349228,-0.0128966660315011,0.1771032257236228,-0.0641562499999963,0.0887149508535392,0.26148808
-0.0583741492539636,-1.441653862980976,-0.2056721031796677,0.2212208654295051,-0.0990125000000148,0.1289126834342161,0.45133957
0.3617821344438579,-1.384393847185921,-0.1988798766702891,0.2667300566059757,-0.1187374999999519,0.3646138992969929,0.41746366
-1.3720453905426464,-1.301212628157664,-0.200229589666379,0.2493062120681606,-0.1909687500000245,-1.133354574754338,0.3450368
-0.5262540628490623,-1.295666054073952,-0.2060477804006806,0.2353356238328665,-0.1635535714285652,-0.6019153374201506,0.5309645
-0.7313597981373399,-1.084719536649841,-0.4286790439016012,0.2200885650093371,-0.1560624999999618,-0.1605161161906597,0.58339393
0.1489405017367343,-1.3568984205020411,-0.2220958763597031,0.2228952876984127,-0.1476428571428982,-0.4088958188598992,0.4437243
-2.1898077375051805,-0.4067435968843684,-0.4979488902339552,0.2243438171101774,-0.0779687499999681,-2.0468184287069136,0.54016423
-1.1735155798036143,-0.2495561899815046,-0.4237578691730275,0.2151394053454715,-0.0939625000000319,-1.6617903811548556,0.6739068
-1.5511769266386657,0.163997804447641,-0.2438984644727169,0.1910980450513539,-0.0499000000000364,-1.7130210939829638,0.5835594
-1.0799489377091347,-0.0201490824075775,-0.1232460796953146,0.1472902719421102,-0.0367031250000309,-1.3868950424939808,0.5848505
1.724681015413551,0.3875965237115351,0.2547711763451435,0.1206531910597572,-0.0596428571428759,2.010051143636582,0.48135844
0.168204433218609,1.1668381492093596,1.0364754116927888,0.1205311322362278,0.1050125000000434,0.078995058273714,0.33477065
0.0915818178988159,2.005063615393412,1.4852985178915064,0.1767370145891689,0.1984107142857283,0.2296144019546558,0.5041779
0.081305939911068,1.5901662307000286,1.5686272396662322,0.1830908748832866,0.0340312499999981,0.3287348242900128,0.4873133
-1.9029804036493176,1.6372341577863374,2.850485348386223,0.2126573781512604,0.2034375000000068,-1.5399190937210183,0.3937243
-2.4000961722543286,2.2153706207865445,2.6000527524761488,0.2139275462184873,0.2252249999999662,-2.430607974244442,0.6355471
-0.7729659126531323,2.032346693548755,1.7563142211337786,0.2085433550420167,0.1520781250000027,-0.6354385519884294,0.61409426
0.1713240171887239,1.0172801433067833,1.1985251593628687,0.2139015483193277,0.1125178571428477,0.2764964689678787,0.387402
0.9109185453861892,0.2379952572995549,0.8532293756303916,0.2282714012605041,0.058437500000025,1.2887673403430546,0.24719183
-2.191829930403298,0.0568135188104457,-0.4305570654739576,0.2783107920168066,0.0800892857142798,-1.845776907265655,0.26869628
0.1475021018976244,0.0502441751099858,-0.900734493594192,0.3190460861344538,0.0091249999999831,0.1387917151919149,0.3641389
0.7269627949962872,0.0470858260474725,-1.1635479721375663,0.3587960861344537,0.0146624999999858,0.7764895798449898,0.25592336
0.5116973615958202,0.0478379108421046,-1.005182528630012,0.3871731869747898,-0.0313249999999811,0.6151527000703123,0.47460392
0.7900329956395817,0.0517849912757533,-0.5815080540434331,0.4064654663865545,0.0536093750000077,0.7923925352725326,0.35261998
1.0910020661722413,0.0504025485290293,-0.442232825703614,0.4382690378151261,0.0164285714286052,1.0778270445561111,0.33674446
0.0495543310346019,0.0475994181317629,-0.5133454306321295,0.4561660966386554,-0.0137374999999906,0.2081124584070778,0.44633484
-0.0313328527829601,0.0470162494703804,-0.1000364368111275,0.4534822731092437,-0.0243392857142339,-0.0913286592297424,0.47038195
-0.5024257228203617,0.0504969679108721,-0.2657242869569952,0.4485839679621848,-0.0224843749999763,-0.2048769811842616,0.6043673
0.7661759980233925,0.0660149657218568,-0.113097823751995,0.4100104385504202,-0.0156000000000631,1.042095829071748,0.48520228
-0.6329925533135567,0.0628508461158464,-0.1708262473021888,0.3342227914915966,-0.0005125000000134,-0.328604982057495,0.475235
0.4450837903088572,0.055978759511273,-0.0322861872107837,0.2855435635504202,-0.0110468749999768,0.4535075028555699,0.5660379
0.3601537912643822,0.0238729469907864,-0.00299264682311,0.2051063786764706,-0.0332142857142798,0.4787180842111752,0.38495314
-0.9717416952059772,0.4162202391172506,0.8861912184945966,0.1331902022058823,-0.034324999999967,-0.9319305531396233,0.6614887
0.3272940112689345,0.4863350536413298,0.3348748806275576,0.0736681433823529,-0.011089285714263,0.4917701230234289,0.7731045
1.3966432820851324,0.0621902651191476,0.4682832589008497,0.056497450105042,0.1280624999999986,1.9659421969589268,0.45213175
0.5047320161683865,-0.264144550652701,0.5654344659664352,0.0411187736344537,0.0702749999999809,1.3992896685838443,0.48207575
0.7511510530357388,-0.1121471810600063,0.5360726685337031,0.0131227652310924,-0.0438749999999572,1.4645766237712492,0.43620527
0.2972713562247145,-0.1890558467479356,0.1945180118860711,-0.0012549921218487,-0.0890937500000177,0.9450599829255962,0.43207952
-1.6480095830989532,0.7047248766138877,0.214673501005097,0.0105454280462184,0.107553571428582,-1.309309171469461,0.50703645
-0.06544475938802,0.2158973654882067,-0.7227667447644979,0.0051814574579832,-0.1589749999999981,-1.2987164421844104,0.5041219
0.955567449055479,-0.0949966994193698,-0.9539627322263132,-0.0056365572478991,-0.1538749999999709,-0.7742949702266201,0.4401705
1.3528270347029798,-0.0004862224135642,-0.9058774173404002,-0.0146018933823529,-0.15918750000003,0.8306778180279359,0.42514253
0.8059006917278673,0.244425247386891,0.1517560403288272,0.0044168974673202,0.3427916666666419,1.9286211104826196,0.3699868
0.7919051849961625,0.0693335937803555,0.587014542064334,0.0303911621732026,0.3179749999999899,1.25579897793108,0.35112438
1.1717956686368642,-0.2778821480820617,1.6906511829469335,0.0895174095471521,0.2264285714285847,2.2339269106496347,0.10744353
0.7407617298375504,0.3454188089363799,2.280724052023332,0.1447692477824463,0.2730937499999868,1.929091359554653,0.17859562
0.2149883345634898,0.1878184535382264,2.546853453728791,0.186387777194211,0.1374875000000202,0.6367128445141071,0.36884665
0.4877767828236283,0.2977415318286029,1.723164321755293,0.2333638801353875,0.298656249999965,1.1429537548158586,0.32806957
0.6412412385652144,0.3891165210734738,1.8659239711474007,0.2888260650093371,0.2581964285714093,1.349620249334827,0.40515575
0.8019191632683491,1.1458663087603047,1.5752756814430793,0.3561201826563959,0.241062500000055,1.480600982398783,0.40676144
-0.2547755756719859,1.4223176618487692,1.9355259358423915,0.4261348885387488,0.1903874999999857,0.4492185094105245,0.4686585
1.0783175606877005,1.3104415828397864,1.4339711093688794,0.4560996994631185,0.0838571428570844,0.9826118156931664,0.3792462
1.8671544270874236,1.8103875056783127,0.6095637805770252,0.4832077876984127,0.0687812500000291,1.520729601973928,0.33209902
-0.7181625306528417,0.937286719073984,0.6884509887484055,0.4971313171101774,0.2335375000000112,-0.1532147274086991,0.6071956
1.150824625828214,0.5955194209016866,0.2304379357500105,0.5109576038748832,0.1340468749999672,0.9725889042584734,0.5432606
1.7290026607142264,0.3590102006054568,-0.6648572637736837,0.4977958381185807,0.0439821428571463,1.5356454129827326,0.4274102
-0.5684040950699224,0.7732723865482335,-0.4208931936887722,0.5052774557656396,-0.0437374999999633,-0.7434920976634206,0.39298686
-0.1541416806045376,0.6684015324772696,0.1488986423033909,0.504468632236228,-0.0048249999999825,-0.0638163127616424,0.42883658
-0.3160926304774618,0.4605509969632694,-0.6836684626635465,0.4759318675303454,0.0769107142857592,-0.2563927898846568,0.48571634
-0.5103645618065774,0.1886942720087156,-0.4217813292659455,0.4280904663865546,-0.0093437500000277,0.0200391051386341,0.40801358
0.003127637121796,0.3286146932660916,-0.2406720432575932,0.4073117899159664,-0.0390625,0.0102311085924974,0.3406613
-0.7695023701240484,0.2697914811132968,-0.5749305969967129,0.3613888207282913,-0.0175468749999936,-0.4948961797416158,0.4683131
0.4325379824152299,0.2309910326141175,-1.381130184003747,0.3241177247899159,-0.0484821428571535,0.4880547400788065,0.3116787
0.2358979691490231,0.278686200846125,-1.0617766272645428,0.2908968914565827,-0.0611874999999599,0.4669959976590272,0.23386836
-1.0849378995402337,0.6007098737391797,-0.8459182441703197,0.2726547345938376,0.0021499999999718,-1.0295788336477565,0.5667999
-1.5083105769312244,0.7118107529485548,-0.1010657653403929,0.2615237822128852,0.1313392857142616,-1.3123635085811152,0.75781536
-1.3702566843927568,0.1954654151910433,0.844297244926316,0.2411169194677871,0.3267500000000041,-1.4861981759576497,0.7358019
0.3849126866448174,0.1603961370903932,1.0273775927947433,0.2215973116246499,0.230912499999988,0.299536497847759,0.51934814
-0.9392699633027108,0.1055107710264824,1.6281358065255622,0.2137581134453781,0.1088593750000086,-1.2031331615879424,0.73891085
-1.1104456278923267,0.1252909956734494,2.271694538907309,0.2298619299719888,0.3006785714285911,-1.016842118620472,0.79109293
-0.2222120968649844,0.1049586587525465,2.1279755956395543,0.2511119299719888,0.2457625000000121,0.5253557478025271,0.6559963
-1.6383488508441586,0.1449650317233524,1.5562986246257828,0.2665825182072829,0.3699374999999918,-1.378778858184064,0.7452898
-1.223083874914913,0.1486502052090536,1.6441468978499914,0.2652870010504202,0.2721607142857465,-1.066766897979898,0.76222426
-0.5660138899559364,0.1457793769110711,0.9911283681828386,0.2632552914915966,0.1222656250000113,-0.3764952312372937,0.6924331
-0.0057308642182881,0.1368685566810339,0.0235823345640474,0.2644587228641457,0.0848999999999478,0.2329248456957867,0.5412011
0.5877948717531937,0.1206155361856677,-0.4081192251348337,0.2722877669817927,0.0447031250000122,0.9189774866267983,0.6306002
0.3052215836286223,0.0923680581611076,-0.845707282433677,0.2750182904411765,-0.0318392857142839,0.2817862900733859,0.37066886
0.6098752297150798,0.1155613709291934,-0.659605882294457,0.2458276041666666,-0.0851999999999861,0.7623856647181719,0.44401875
1.0782707769702005,0.102184043159491,0.6530205327087163,0.2615378982843137,0.0249875000000088,1.6760407643808066,0.3991147
1.630296351815658,0.0372189838289754,0.8878630382225297,0.2734615677521009,-0.0324642857142407,2.491839425150847,0.4131492
-0.2991022157303281,-0.0259476616965315,0.355112457389553,0.289257155987395,-0.0521875000000022,-0.9884093880732256,0.47330964
0.1478572760650528,0.3206803148632484,1.980349078748769,0.3421069108893557,0.2658999999999878,0.3854417492403297,0.43170327
1.4877892575558214,0.4235142639263689,4.10438029291089,0.4552571647408964,0.8409062499999891,2.522165201996753,0.5212181
0.7896846076044252,0.9498043083988869,2.835165824158242,0.557533075105042,0.9271785714286124,1.1677810169538936,0.4590757
2.141000628251461,0.2231553333646701,2.575131842390725,0.5674901829481793,0.1905249999999796,2.330281130094614,0.41349965
1.1069459948506335,-0.3021703429852984,2.832534284904787,0.56094618785014,0.0802499999999781,2.359644465853575,0.3956201
1.171063773667039,-0.562534193635248,1.4690147794822042,0.5202038909313726,0.0408750000000281,1.5983154822795196,0.4279211
1.583469066464103,-0.4595273590793308,-0.6909647457390292,0.4927725183823529,0.0408125000000154,0.9943730719673262,0.3733537
